{
    "tempo_em_movimento_s": 875.8790000000001,
    "tempo_parado_s": 839.8290000000001
}